Book Id,Title,Author,Author l-f,Additional Authors,ISBN,ISBN13,My Rating,Average Rating,Publisher,Binding,Number of Pages,Year Published,Original Publication Year,Date Read,Date Added,Bookshelves,Bookshelves with positions,Exclusive Shelf,My Review,Spoiler,Private Notes,Read Count,Owned Copies
1000,Pride and Prejudice,Jane Austen,"Austen, Jane",,"=""""","=""9780141439518""",5,4.1,,Paperback,,,,2026/03/14,2026/09/30,classici,,read,,,,1,0
1001,Nineteen Eighty-Four,George Orwell,"Orwell, George",,"=""""","=""9780451524935""",4,4.1,,Paperback,,,,2026/05/02,2026/09/30,"classici, distopie",,read,,,,1,0
1002,The Great Gatsby,F. Scott Fitzgerald,"Fitzgerald, F. Scott",,"=""""","=""9780743273565""",4,4.1,,Paperback,,,,2026/06/20,2026/09/30,,,read,,,,1,0
1003,To Kill a Mockingbird,Harper Lee,"Lee, Harper",,"=""""","=""9780061120084""",5,4.1,,Paperback,,,,2025/11/08,2026/09/30,classici,,read,,,,1,0
1004,The Hobbit,J.R.R. Tolkien,"Tolkien, J.R.R.",,"=""""","=""9780547928227""",0,4.1,,Paperback,,,,,2026/09/30,fantasy,,currently-reading,,,,0,0
1005,Harry Potter and the Philosopher's Stone,J.K. Rowling,"Rowling, J.K.",,"=""""","=""9780439708180""",5,4.1,,Paperback,,,,2026/01/10,2026/09/30,fantasy,,read,,,,1,0
1006,The Catcher in the Rye,J.D. Salinger,"Salinger, J.D.",,"=""""","=""9780316769488""",0,4.1,,Paperback,,,,,2026/09/30,,,to-read,,,,0,0
1007,Brave New World,Aldous Huxley,"Huxley, Aldous",,"=""""","=""9780060850524""",0,4.1,,Paperback,,,,,2026/09/30,distopie,,to-read,,,,0,0
1008,Se questo è un uomo,Primo Levi,"Levi, Primo",,"=""""","=""9788806219352""",5,4.1,,Paperback,,,,2025/09/12,2026/09/30,,,read,,,,1,0
1009,The Martian,Andy Weir,"Weir, Andy",,"=""""","=""9780553418026""",0,4.1,,Paperback,,,,,2026/09/30,,,currently-reading,,,,0,0
1010,The Alchemist,Paulo Coelho,"Coelho, Paulo",,"=""""","=""9780062315007""",3,4.1,,Paperback,,,,2026/08/03,2026/09/30,,,read,,,,1,0
1011,Crime and Punishment,Fyodor Dostoevsky,"Dostoevsky, Fyodor",,"=""""","=""9780140449136""",0,4.1,,Paperback,,,,,2026/09/30,classici,,to-read,,,,0,0
1012,The Handmaid's Tale,Margaret Atwood,"Atwood, Margaret",,"=""""","=""9780385490818""",4,4.1,,Paperback,,,,2026/07/22,2026/09/30,distopie,,read,,,,1,0
1013,The Midnight Library,Matt Haig,"Haig, Matt",,"=""""","=""9780525559474""",0,4.1,,Paperback,,,,,2026/09/30,,,to-read,,,,0,0
1014,Il Gattopardo,Giuseppe Tomasi di Lampedusa,"Lampedusa, Giuseppe Tomasi di",,"=""""","=""9788807900037""",0,4.1,,Paperback,,,,,2026/09/30,classici,,to-read,,,,0,0
1015,1984,George Orwell,"Orwell, George",,"=""""","=""9788804668237""",0,4.1,,Paperback,,,,,2026/09/30,distopie,,to-read,,,,0,0
